Rec,Name,Team,Positions,Rank,ADP,PlayerInfo,PTS,Projections,Link,Last,Description,Status,Year
1,Shohei Ohtani,LAD,"DH,SP",1,1.0,"Shohei Ohtani (LAD - DH,SP)",531,".280|121R|45HR|108RBI|24SB
8-5-0SV|3.33|1.12|10.69K9",https://www.fantasypros.com/mlb/players/shohei-ohtani.php,Ohtani,".280|121R|45HR|108RBI|24SB
8-5-0SV|3.33|1.12|10.69K9
There's no real debate at the top of 2026 fantasy drafts: In formats where he is considered one player, Shohei Ohtani remains the clear-cut 1.01 thanks to his unmatched two-way impact. Offensively, his 2026 projections again place him among the game's elite, with 45-plus home runs, triple-digit runs and RBI, and an on-base percentage north of .390 while continuing to anchor the Dodgers' lineup from the leadoff spot. The stolen base ceiling isn't what it was earlier in his career, but projected totals in the high teens still provide a valuable bonus atop his league-leading power and run production.

What truly separates Ohtani, however, is his return as a full-time starting pitcher. His 2026 projections peg him as a top-tier arm, capable of delivering ace-level strikeout totals, strong ratios, and double-digit wins in one of baseball's best team contexts. Even with some workload management baked in, Ohtani's ability to provide elite value on both sides of the ball gives fantasy managers a structural advantage no other player can match. As long as he's healthy, Ohtani isn't just the safest pick in fantasy baseball; he's still redefining what roster construction can look like.",,2026
2,Aaron Judge,NYY,"DH,OF",2,2.0,"Aaron Judge (NYY - DH,OF)",519,.289|109R|47HR|112RBI|9SB,https://www.fantasypros.com/mlb/players/aaron-judge.php,Judge,".289|109R|47HR|112RBI|9SB
Aaron Judge followed up his MVP-caliber 2025 with another elite power profile, delivering 53 HR, 1.144 OPS, and a career-best 12 SB. His 2026 projections still anticipate slight regression & around 43 HR and a .285 AVG, but the underlying rates (elite barrel%, top-tier OBP stability) remain intact. Even with natural aging curves factored in, Judge projects as one of the safest four-category anchors in fantasy. He remains a first-round bat with minimal risk thanks to bankable power and sustainable plate discipline.",,2026
3,Bobby Witt Jr.,KC,SS,3,4.0,Bobby Witt Jr. (KC - SS),478,.292|101R|28HR|91RBI|34SB,https://www.fantasypros.com/mlb/players/bobby-witt-jr.php,Witt Jr.,".292|101R|28HR|91RBI|34SB
Bobby Witt Jr. solidified his status as a top-tier fantasy building block, finishing 2025 with 31 HR, 49 SB, and a .298 average while cutting his chase rate for the second straight season. Projections for 2026 keep him squarely in the elite tier with 30+ HR, 40+ SB, and strong run production. The continued gains in swing decisions and contact quality suggest his breakout is fully sustainable. Witt is a top-three overall fantasy pick with league-winning category balance.",,2026
4,Juan Soto,NYM,OF,4,4.0,Juan Soto (NYM - OF),517,.273|107R|37HR|96RBI|20SB,https://www.fantasypros.com/mlb/players/juan-soto.php,Soto,".273|107R|37HR|96RBI|20SB
Juan Soto's first season with the Mets produced 43 HR, 37 SB, and a .396 OBP, marking his highest fantasy ceiling since 2021. His 2026 projections dial back the steals (a common trait across projection systems) but still expect mid-30s HR, with a slight batting-average uptick. The plate discipline remains near flawless, and his run-production environment should stay strong. Soto enters 2026 as a high-floor, high-ceiling first-round hitter whose across-the-board contributions make him one of the safest early picks.",,2026
5,Jose Ramirez,CLE,"3B,DH",5,5.0,"Jose Ramirez (CLE - 3B,DH)",488,.272|89R|27HR|89RBI|33SB,https://www.fantasypros.com/mlb/players/jose-ramirez.php,Ramirez,".272|89R|27HR|89RBI|33SB
Jose Ramírez remained one of fantasy's most reliable five-category contributors in 2025, once again clearing 30 HR while adding strong run production and double-digit steals. His 2026 projections show only mild age-related regression, with power and speed both expected to remain intact thanks to elite contact quality and plate discipline. The year-over-year stability in his batted-ball profile reinforces his high floor. Ramírez continues to profile as a safe first-round cornerstone, especially valuable in formats that reward category balance.",,2026
6,Tarik Skubal,DET,SP,6,6.0,Tarik Skubal (DET - SP),514,14-8-0SV|2.79|0.98|10.80K9,https://www.fantasypros.com/mlb/players/tarik-skubal.php,Skubal,"14-8-0SV|2.79|0.98|10.80K9
Tarik Skubal dominated in 2025, posting ace-level ratios while maintaining elite strikeout and walk rates across a full workload (195 IP). His 2026 projections remain optimistic, forecasting another sub-3 ERA with a strong WHIP and strikeout volume. The sustainability is supported by stable velocity, plus command, and one of the league's best swinging-strike profiles. Skubal enters 2026 as a true fantasy ace and a reliable anchor for managers prioritizing pitching early.",,2026
7,Corbin Carroll,ARI,OF,7,7.0,Corbin Carroll (ARI - OF),433,.259|100R|27HR|85RBI|35SB,https://www.fantasypros.com/mlb/players/corbin-carroll-of.php,Carroll,".259|100R|27HR|85RBI|35SB
Carroll's 2025 season was uneven, as his power dipped and pitchers challenged him more aggressively in the zone, leading to less authoritative contact. His 2026 projections expect a rebound in both batting average and home runs, paired with elite stolen-base totals that remain his fantasy backbone. Improvements in chase rate late in 2025 offer optimism that his efficiency can stabilize. Carroll still carries early-round upside, but his fantasy value is increasingly driven by speed rather than across-the-board dominance.",,2026
8,Ronald Acuna Jr.,ATL,OF,8,8.0,Ronald Acuna Jr. (ATL - OF),433,.281|102R|29HR|81RBI|24SB,https://www.fantasypros.com/mlb/players/ronald-acuna.php,Acuna Jr.,".281|102R|29HR|81RBI|24SB
Ronald Acuna Jr.'s 2025 was uneven as he worked his way back from knee surgery, flashing his MVP-level ceiling early before fading in the second half. Looking ahead to 2026, fantasy projections still view him as a first-round caliber talent, forecasting roughly 135-145 games with elite across-the-board production in the neighborhood of 30 homers, 90 runs, 90 RBI, and 20-plus steals. Durability remains the clear risk. He has topped 150 games only twice outside of the shortened 2020 season, but the per-game impact is still unmatched when he's on the field. If Acuna slips even slightly in drafts due to health concerns, he's a strong pick under the ""anyone can get hurt"" philosophy. However, managers who prefer safer volume can justify pivoting to another elite bat.",,2026
9,Elly De La Cruz,CIN,SS,9,10.0,Elly De La Cruz (CIN - SS),372,.262|90R|23HR|81RBI|40SB,https://www.fantasypros.com/mlb/players/elly-de-la-cruz.php,De La Cruz,".262|90R|23HR|81RBI|40SB
Elly De La Cruz's 2025 season failed to showcase his elite fantasy ceiling. Fantasy managers expecting him to shore up the stolen base category were disappointed to see them drop from 67 to 37. However, after the season, the Reds revealed ELDC had played through a left quad strain for the entire second half, which is certainly supported by his first-half/second-half splits. Swing-and-miss remains part of his profile, though he did get his strikeout rate below 30% for the first time. His 2026 projections expect modest gains in efficiency rather than raw volume, with a stabilized strikeout rate supporting slightly better average and on-base results. The year-over-year trend in contact quality is encouraging, even if volatility persists. Elly remains a category-warping fantasy asset whose value hinges on embracing the variance.",,2026
10,Paul Skenes,PIT,SP,10,10.0,Paul Skenes (PIT - SP),491,14-8-0SV|2.83|1.04|10.81K9,https://www.fantasypros.com/mlb/players/paul-skenes.php,Skenes,"14-8-0SV|2.83|1.04|10.81K9
Paul Skenes lived up to the hype in 2025, overpowering hitters with elite velocity and swing-and-miss stuff while maintaining strong run prevention in his first extended MLB action. Sure, his record was 10-10, and he probably could have been a 20-game winner on almost any other team. His 2026 projections remain aggressive on strikeouts and ratios, and he is expected to pitch almost 200 innings after throwing 187 in 2025. The year-over-year takeaway is how quickly his command stabilized, limiting walks more than expected for a power arm. Skenes profiles as a high-impact fantasy SP1 whose value is driven by dominance rather than volume alone.",,2026
11,Julio Rodriguez,SEA,OF,11,11.0,Julio Rodriguez (SEA - OF),397,.272|90R|29HR|91RBI|26SB,https://www.fantasypros.com/mlb/players/julio-rodriguez-of.php,Rodriguez,".272|90R|29HR|91RBI|26SB
Julio Rodriguez posted a strong but slightly underwhelming 2025 relative to his sky-high expectations, as his power output plateaued despite excellent durability and counting stats. The 2026 projections forecast a modest power rebound into the low-30s with continued double-digit steals. His underlying contact metrics remain strong, but launch-angle inconsistency has capped his home-run ceiling year over year. Rodríguez remains a foundational fantasy outfielder, though he now projects closer to the back half of the first round than the very top.",,2026
12,Garrett Crochet,BOS,SP,12,12.0,Garrett Crochet (BOS - SP),467,13-8-0SV|3.03|1.06|10.95K9,https://www.fantasypros.com/mlb/players/garrett-crochet-p.php,Crochet,"13-8-0SV|3.03|1.06|10.95K9
Garrett Crochet built on his breakout 2025 by sustaining elite strikeout rates and improved efficiency, alleviating many durability concerns that followed him earlier in his career. His 2026 projections continue to reflect frontline stuff, with strong K totals and solid ratios over a full starter's workload. The key development was improved pitch mix consistency, allowing him to turn lineups over more reliably. Crochet is a premium fantasy arm whose upside justifies an aggressive draft slot and should easily be one of the first three pitchers off the board.",,2026
13,Fernando Tatis Jr.,SD,OF,13,14.0,Fernando Tatis Jr. (SD - OF),416,.270|96R|29HR|81RBI|24SB,https://www.fantasypros.com/mlb/players/fernando-tatis-jr.php,Tatis Jr.,".270|96R|29HR|81RBI|24SB
After two uneven seasons, Fernando Tatis Jr. re-established himself as an elite five-category force in 2025 and projects to remain there in 2026. Projections call for another 30-plus homer, 25-steal campaign with triple-digit runs atop the Padres lineup, supported by strong on-base skills and premium batted-ball quality. His improved plate discipline and reduced strikeout rate from last season point to a more stable batting-average floor than in earlier seasons. At the same time, underlying metrics suggest his power output still has room to grow. Entering his age-27 season with his role and health stabilized, Tatis profiles as a legitimate Top-5 overall fantasy upside play in 2026 drafts.",,2026
14,Cal Raleigh,SEA,"C,DH",14,15.0,"Cal Raleigh (SEA - C,DH)",371,.230|85R|39HR|96RBI|8SB,https://www.fantasypros.com/mlb/players/caleb-raleigh.php,Raleigh,".230|85R|39HR|96RBI|8SB
Cal Raleigh had the year of his life in 2025, smacking 60 home runs while batting .247, far and away his best batting average ever. He drove in 125 and scored 110 times for a Seattle Mariners team that came very close to the World Series. Catcher is such a thin position that it is tempting to spend an early-round pick on Raleigh to be able to set-and-forget the position. His 2026 projections again place him among the position's home run leaders, with playing time security supporting strong counting stats, but we aren't going to see a repeat of his career year, and that is the current draft cost for the Big Dumper. Do you still want to spend a second-round pick on him if he's ""only"" getting you 40 homers with a .230 batting average? If so, he's easily the best catcher on the board. If not, wait three or four rounds to pick from the second tier.",,2026
15,Junior Caminero,TB,3B,15,15.0,Junior Caminero (TB - 3B),402,.273|83R|36HR|100RBI|5SB,https://www.fantasypros.com/mlb/players/junior-caminero.php,Caminero,".273|83R|36HR|100RBI|5SB
Junior Caminero's first full MLB season in 2025 delivered flashes of elite raw power but came with expected growing pains in plate discipline. He hit 45 home runs, drove in 110, and scored 93 times. His barrel rate was a fantastic 14% with a 51.4% hard-hit rate. The power is very real. However, in 2026, the Rays shift out of the minor league park they played in and back to one of the worst hitting parks in the majors. His 2026 projections anticipate a small reduction in home runs because of this park switch; however, they also suggest improvement in his ratios as his approach matures in his age-22 season. The underlying exit velocity and hard-hit gains year over year support the power breakout narrative. Caminero profiles as a high-upside player at a weak position whose fantasy value rises quickly if the strikeout rate continues to normalize.",,2026
16,Francisco Lindor,NYM,SS,16,16.0,Francisco Lindor (NYM - SS),400,.258|95R|27HR|80RBI|24SB,https://www.fantasypros.com/mlb/players/francisco-lindor.php,Lindor,".258|95R|27HR|80RBI|24SB
Francisco Lindor remained a Mr. Consistent in 2025, once again delivering strong power-speed production with elite durability at shortstop. His 2026 projections show minimal regression, closer to a 25/25 season, supported by premium lineup placement and consistent plate discipline. While his raw ceiling has leveled off, the year-over-year stability in his profile is a feature, not a flaw. Lindor continues to offer one of the safest five-category floors among middle infielders, and you don't have to pay a first-round price to secure his services.",,2026
17,Gunnar Henderson,BAL,SS,17,17.0,Gunnar Henderson (BAL - SS),411,.272|94R|26HR|87RBI|22SB,https://www.fantasypros.com/mlb/players/gunnar-henderson.php,Henderson,".272|94R|26HR|87RBI|22SB
Gunnar Henderson backed up his 2024 breakout with a season during which he says he had a shoulder impingement for almost 75% of the year. His power dipped considerably, and even though he still stole 30 bags, it was obvious something was off. His 2026 projections expect a bounce-back year, projecting elite power production and strong run totals. Year-over-year gains in swing decisions suggest his profile is fully established rather than volatile. Shortstop is a stacked position, but Henderson remains one of the elite options for those looking to secure it early.",,2026
18,Kyle Tucker,LAD,"DH,OF",18,17.0,"Kyle Tucker (LAD - DH,OF)",454,.268|93R|28HR|89RBI|20SB,https://www.fantasypros.com/mlb/players/kyle-tucker.php,Tucker,".268|93R|28HR|89RBI|20SB
Tucker delivered another well-rounded fantasy season in 2025, pairing plus power with double-digit steals and elite run production. He also delivered another season of murky injuries that diminished his output. His 2026 projections remain remarkably stable, reflecting how consistent his plate discipline and contact quality have been year over year. While there's little growth left in the profile, there's also minimal downside other than the injury history. Tucker remains a free agent, though his landing spot should not change his profile as a safe early-round outfielder who fits seamlessly into any roster build.",,2026
19,Nick Kurtz,ATH,1B,19,18.0,Nick Kurtz (ATH - 1B),339,.257|87R|35HR|86RBI|4SB,https://www.fantasypros.com/mlb/players/nick-kurtz.php,Kurtz,".257|87R|35HR|86RBI|4SB
Nick Kurtz's 2025 rookie season showed the potential that made him a top prospect, highlighted by strong on-base skills but uneven in-game power as he adjusted to MLB pitching. His 2026 projections anticipate a small step forward in home runs, but his .290 batting average is a mirage (xBA of .249). The allure of what he is capable of will drive up his price on draft day, and it is difficult to argue with that dream as the A's continue to play 81 games in Sacramento. The volatility is real, and at age 23, he still has some growing pains to come. Even with all that, though, he'll go in the second round in 12-team leagues, so decide quickly if you want that on your squad.",,2026
20,Vladimir Guerrero Jr.,TOR,"1B,DH",20,20.0,"Vladimir Guerrero Jr. (TOR - 1B,DH)",483,.296|96R|30HR|97RBI|5SB,https://www.fantasypros.com/mlb/players/vladimir-guerrero-jr.php,Guerrero Jr.,".296|96R|30HR|97RBI|5SB
Vladimir Guerrero Jr. rebounded nicely in 2025, hitting .292 with 23 HR, and his 2026 projections expect his power to climb back over 30 HR. His contact quality improved year over year, driven by more line-drive contact and a stabilizing strikeout rate. The projected power bounce is supported by underlying metrics, suggesting 2025 may have been closer to his floor than his median outcome. Vladdy profiles as a strong early-round value with legitimate top-five 1B upside if the HR surge materializes.",,2026
21,Kyle Schwarber,PHI,DH,21,22.0,Kyle Schwarber (PHI - DH),392,.231|98R|41HR|99RBI|6SB,https://www.fantasypros.com/mlb/players/kyle-schwarber.php,Schwarber,".231|98R|41HR|99RBI|6SB
Kyle Schwarber's 2025 profile remained extreme but effective, delivering elite home-run volume and run production while continuing to drag batting average, though not as much as in the past. He played in all 162 games, hit 56 home runs, drove in an MLB-leading 132, and scored 111 runs. His 2026 projections again place him among the league leaders in homers, with OBP formats propping up his overall value. Year over year, the power output has proven remarkably stable despite contact volatility. Schwarber remains a roster-construction play who fits best on teams built to absorb average risk in exchange for top-tier power.",,2026
22,Jackson Chourio,MIL,OF,22,22.0,Jackson Chourio (MIL - OF),372,.268|85R|24HR|80RBI|24SB,https://www.fantasypros.com/mlb/players/jackson-chourio.php,Chourio,".268|85R|24HR|80RBI|24SB
",,2026
23,Jazz Chisholm Jr.,NYY,"2B,3B,OF",23,22.0,"Jazz Chisholm Jr. (NYY - 2B,3B,OF)",320,.240|78R|28HR|75RBI|31SB,https://www.fantasypros.com/mlb/players/jasrado-chisholm.php,Chisholm Jr.,".240|78R|28HR|75RBI|31SB
Jazz Chisholm's 2025 season was a reminder of both his upside and volatility, as power-speed contributions were once again offset by durability concerns and streaky efficiency. His 2026 projections bake in similar power and speed totals with right around 600 plate appearances, reflecting ongoing availability risk. When on the field, his per-game fantasy production remains strong, particularly in steals. Chisholm is best approached as a ceiling play rather than a foundational early-round option, but qualifying at third base does bump him up a few spots on draft boards.",,2026
24,Yoshinobu Yamamoto,LAD,SP,24,24.0,Yoshinobu Yamamoto (LAD - SP),358,12-6-0SV|3.28|1.14|9.81K9,https://www.fantasypros.com/mlb/players/yoshinobu-yamamoto.php,Yamamoto,"12-6-0SV|3.28|1.14|9.81K9
Yoshinobu Yamamoto followed up his MLB debut with a strong 2025, flashing elite command and swing-and-miss ability even as his workload was managed. That, however, went out the window when he threw 37-1/3 postseason innings, bringing his total to 210 in 2025. His 2026 projections show maintained excellent ratios and strikeout efficiency. The year-over-year improvement in pitch efficiency suggests he can work deeper into games moving forward. The biggest knock against Yamamoto is that he pitches for the Dodgers, who have a deep enough staff to go with a six-man rotation or rest elite starters down the stretch (fantasy playoffs) if they wish. In any case, Yamamoto profiles as a high-end fantasy starter whose value is anchored in ratios.",,2026
25,Pete Alonso,BAL,1B,25,26.0,Pete Alonso (BAL - 1B),379,.250|87R|35HR|100RBI|2SB,https://www.fantasypros.com/mlb/players/peter-alonso.php,Alonso,".250|87R|35HR|100RBI|2SB
Pete Alonso once again supplied premium power in 2025, but continued erosion in batting average and on-base skills limited his category impact. His 2026 projections still forecast upper-tier home-run totals, though with muted run production compared to his peak seasons. The year-over-year trend shows narrowing fantasy utility as his value becomes increasingly HR-dependent. Alonso profiles best as a targeted power injection rather than a lineup anchor.",,2026
26,Cristopher Sanchez,PHI,SP,26,26.0,Cristopher Sanchez (PHI - SP),414,14-8-0SV|3.22|1.16|8.65K9,https://www.fantasypros.com/mlb/players/cristopher-sanchez.php,Sanchez,"14-8-0SV|3.22|1.16|8.65K9
",,2026
27,Trea Turner,PHI,SS,27,28.0,Trea Turner (PHI - SS),359,.279|86R|18HR|69RBI|26SB,https://www.fantasypros.com/mlb/players/trea-turner.php,Turner,".279|86R|18HR|69RBI|26SB
",,2026
28,Ketel Marte,ARI,"2B,DH",28,30.0,"Ketel Marte (ARI - 2B,DH)",411,.274|89R|27HR|85RBI|5SB,https://www.fantasypros.com/mlb/players/ketel-marte.php,Marte,".274|89R|27HR|85RBI|5SB
",,2026
29,Pete Crow-Armstrong,CHC,OF,29,30.0,Pete Crow-Armstrong (CHC - OF),324,.249|79R|23HR|76RBI|33SB,https://www.fantasypros.com/mlb/players/pete-crow-armstrong.php,Crow-Armstrong,".249|79R|23HR|76RBI|33SB
",,2026
30,Hunter Brown,HOU,SP,30,30.0,Hunter Brown (HOU - SP),389,12-9-0SV|3.51|1.18|9.79K9,https://www.fantasypros.com/mlb/players/hunter-brown.php,Brown,"12-9-0SV|3.51|1.18|9.79K9
",,2026
31,James Wood,WSH,"DH,OF",31,32.0,"James Wood (WSH - DH,OF)",327,.258|85R|26HR|77RBI|17SB,https://www.fantasypros.com/mlb/players/james-wood.php,Wood,".258|85R|26HR|77RBI|17SB
",,2026
32,Yordan Alvarez,HOU,"DH,OF",32,32.0,"Yordan Alvarez (HOU - DH,OF)",423,.294|86R|31HR|86RBI|4SB,https://www.fantasypros.com/mlb/players/yordan-alvarez.php,Alvarez,".294|86R|31HR|86RBI|4SB
Yordan Alvarez is shaping up as one of the more polarizing draft-day decisions in 2026 fantasy leagues. After an injury-marred 2025 season burned managers who invested a first- or early second-round pick, Alvarez now projects as a rebound bat with elite per-game production when healthy. Projection systems still view him as a middle-of-the-order force capable of strong four-category output, supported by his consistently elite plate skills and long track record of hard contact. The main complication is positional flexibility: Alvarez is expected to qualify only at DH in most formats, effectively locking him into a UTIL role and increasing roster rigidity. That added risk will likely suppress his ADP, but entering his age-29 season, the underlying talent suggests a strong bounce-back is well within reach. If the discount reflects health concerns rather than skill erosion, Alvarez becomes a calculated upside play worth considering at the right price.",,2026
33,Zach Neto,LAA,SS,33,32.0,Zach Neto (LAA - SS),337,.252|85R|27HR|75RBI|28SB,https://www.fantasypros.com/mlb/players/zach-neto.php,Neto,".252|85R|27HR|75RBI|28SB
",,2026
34,Manny Machado,SD,"3B,DH",34,34.0,"Manny Machado (SD - 3B,DH)",360,.262|77R|26HR|86RBI|9SB,https://www.fantasypros.com/mlb/players/manny-machado.php,Machado,".262|77R|26HR|86RBI|9SB
",,2026
35,Bryan Woo,SEA,SP,35,36.0,Bryan Woo (SEA - SP),417,13-9-0SV|3.43|1.06|9.04K9,https://www.fantasypros.com/mlb/players/bryan-woo.php,Woo,"13-9-0SV|3.43|1.06|9.04K9
",,2026
36,Logan Gilbert,SEA,SP,36,36.0,Logan Gilbert (SEA - SP),385,11-8-0SV|3.42|1.06|9.95K9,https://www.fantasypros.com/mlb/players/logan-gilbert.php,Gilbert,"11-8-0SV|3.42|1.06|9.95K9
",,2026
37,Chris Sale,ATL,SP,37,36.0,Chris Sale (ATL - SP),400,12-7-0SV|3.29|1.10|10.90K9,https://www.fantasypros.com/mlb/players/chris-sale.php,Sale,"12-7-0SV|3.29|1.10|10.90K9
",,2026
38,Edwin Diaz,LAD,RP,38,40.0,Edwin Diaz (LAD - RP),372,4-3-37SV|3.02|1.08|12.46K9,https://www.fantasypros.com/mlb/players/edwin-diaz.php,Diaz,"4-3-37SV|3.02|1.08|12.46K9
",,2026
39,Andres Munoz,SEA,RP,39,42.0,Andres Munoz (SEA - RP),322,4-3-31SV|2.87|1.13|11.32K9,https://www.fantasypros.com/mlb/players/andres-munoz-p.php,Munoz,"4-3-31SV|2.87|1.13|11.32K9
",,2026
40,Matt Olson,ATL,1B,40,42.0,Matt Olson (ATL - 1B),371,.250|90R|30HR|91RBI|1SB,https://www.fantasypros.com/mlb/players/matt-olson.php,Olson,".250|90R|30HR|91RBI|1SB
",,2026
41,Bryce Harper,PHI,1B,41,42.0,Bryce Harper (PHI - 1B),395,.271|86R|27HR|89RBI|10SB,https://www.fantasypros.com/mlb/players/bryce-harper.php,Harper,".271|86R|27HR|89RBI|10SB
",,2026
42,Jacob deGrom,TEX,SP,42,43.0,Jacob deGrom (TEX - SP),390,11-8-0SV|3.40|1.05|10.09K9,https://www.fantasypros.com/mlb/players/jacob-degrom.php,deGrom,"11-8-0SV|3.40|1.05|10.09K9
",,2026
43,Mason Miller,SD,RP,43,44.0,Mason Miller (SD - RP),375,4-2-32SV|2.46|0.98|14.06K9,https://www.fantasypros.com/mlb/players/mason-miller.php,Miller,"4-2-32SV|2.46|0.98|14.06K9
",,2026
44,Max Fried,NYY,SP,44,45.0,Max Fried (NYY - SP),386,13-8-0SV|3.32|1.18|8.52K9,https://www.fantasypros.com/mlb/players/max-fried.php,Fried,"13-8-0SV|3.32|1.18|8.52K9
",,2026
45,Hunter Greene,CIN,SP,45,46.0,Hunter Greene (CIN - SP),393,11-9-0SV|3.76|1.14|10.74K9,https://www.fantasypros.com/mlb/players/hunter-greene.php,Greene,"11-9-0SV|3.76|1.14|10.74K9
",,2026
46,Rafael Devers,SF,"1B,3B,DH",46,46.0,"Rafael Devers (SF - 1B,3B,DH)",366,.251|86R|30HR|89RBI|2SB,https://www.fantasypros.com/mlb/players/rafael-devers.php,Devers,".251|86R|30HR|89RBI|2SB
",,2026
47,Logan Webb,SF,SP,47,48.0,Logan Webb (SF - SP),402,13-10-0SV|3.35|1.19|8.46K9,https://www.fantasypros.com/mlb/players/logan-webb.php,Webb,"13-10-0SV|3.35|1.19|8.46K9
",,2026
48,Brent Rooker,ATH,"DH,OF",48,48.0,"Brent Rooker (ATH - DH,OF)",368,.260|87R|32HR|94RBI|6SB,https://www.fantasypros.com/mlb/players/brent-rooker.php,Rooker,".260|87R|32HR|94RBI|6SB
",,2026
49,Mookie Betts,LAD,"OF,SS",49,50.0,"Mookie Betts (LAD - OF,SS)",420,.267|90R|22HR|79RBI|9SB,https://www.fantasypros.com/mlb/players/mookie-betts.php,Betts,".267|90R|22HR|79RBI|9SB
",,2026
50,Wyatt Langford,TEX,"DH,OF",50,50.0,"Wyatt Langford (TEX - DH,OF)",340,.251|82R|23HR|72RBI|21SB,https://www.fantasypros.com/mlb/players/wyatt-langford.php,Langford,".251|82R|23HR|72RBI|21SB
",,2026
51,Jhoan Duran,PHI,RP,51,52.0,Jhoan Duran (PHI - RP),326,4-3-31SV|2.92|1.13|10.39K9,https://www.fantasypros.com/mlb/players/jhoan-duran.php,Duran,"4-3-31SV|2.92|1.13|10.39K9
",,2026
52,Cade Smith,CLE,RP,52,52.0,Cade Smith (CLE - RP),338,4-3-30SV|3.03|1.09|11.54K9,https://www.fantasypros.com/mlb/players/cade-smith.php,Smith,"4-3-30SV|3.03|1.09|11.54K9
",,2026
53,William Contreras,MIL,"C,DH",53,54.0,"William Contreras (MIL - C,DH)",339,.265|75R|19HR|77RBI|6SB,https://www.fantasypros.com/mlb/players/william-contreras.php,Contreras,".265|75R|19HR|77RBI|6SB
",,2026
54,Freddie Freeman,LAD,1B,54,55.0,Freddie Freeman (LAD - 1B),395,.275|86R|23HR|88RBI|8SB,https://www.fantasypros.com/mlb/players/freddie-freeman.php,Freeman,".275|86R|23HR|88RBI|8SB
Freddie Freeman remained a model of consistency in 2025, combining a strong batting average, on-base skills, and run production near the top of the Dodgers lineup. The only concerning stat on his profile was a large jump in strikeout rate to 20.4%, the first time since 2016 that it crossed the 20-percent mark. His 2026 projections show only modest age-related regression. If you draft him, you need to bake in lowered expectations regarding his consistency (147 games played each of the last two years) and fewer counting stats. Freeman remains a solid early-round corner infielder in fantasy, even factoring in that he will turn 37 in September, but he is not the pillar that he once was.",,2026
55,Brice Turang,MIL,2B,55,55.0,Brice Turang (MIL - 2B),316,.257|78R|14HR|63RBI|28SB,https://www.fantasypros.com/mlb/players/brice-turang.php,Turang,".257|78R|14HR|63RBI|28SB
",,2026
56,Cole Ragans,KC,SP,56,55.0,Cole Ragans (KC - SP),375,11-8-0SV|3.35|1.15|10.91K9,https://www.fantasypros.com/mlb/players/cole-ragans.php,Ragans,"11-8-0SV|3.35|1.15|10.91K9
",,2026
57,Roman Anthony,BOS,"DH,OF",57,56.0,"Roman Anthony (BOS - DH,OF)",304,.263|81R|18HR|66RBI|10SB,https://www.fantasypros.com/mlb/players/roman-anthony.php,Anthony,".263|81R|18HR|66RBI|10SB
",,2026
58,Josh Naylor,SEA,"1B,DH",58,58.0,"Josh Naylor (SEA - 1B,DH)",365,.259|71R|22HR|80RBI|15SB,https://www.fantasypros.com/mlb/players/josh-naylor.php,Naylor,".259|71R|22HR|80RBI|15SB
",,2026
59,Freddy Peralta,NYM,SP,59,59.0,Freddy Peralta (NYM - SP),356,11-9-0SV|3.75|1.19|10.07K9,https://www.fantasypros.com/mlb/players/freddy-peralta.php,Peralta,"11-9-0SV|3.75|1.19|10.07K9
",,2026
60,CJ Abrams,WSH,SS,60,62.0,CJ Abrams (WSH - SS),327,.251|78R|18HR|65RBI|29SB,https://www.fantasypros.com/mlb/players/cj-abrams.php,Abrams,".251|78R|18HR|65RBI|29SB
",,2026
61,Riley Greene,DET,"DH,OF",61,62.0,"Riley Greene (DET - DH,OF)",312,.259|80R|27HR|86RBI|4SB,https://www.fantasypros.com/mlb/players/riley-greene-of.php,Greene,".259|80R|27HR|86RBI|4SB
",,2026
62,Ben Rice,NYY,"1B,C,DH",62,64.0,"Ben Rice (NYY - 1B,C,DH)",307,.245|71R|25HR|73RBI|5SB,https://www.fantasypros.com/mlb/players/ben-rice.php,Rice,".245|71R|25HR|73RBI|5SB
",,2026
63,Shea Langeliers,ATH,"C,DH",63,64.0,"Shea Langeliers (ATH - C,DH)",298,.251|70R|28HR|75RBI|5SB,https://www.fantasypros.com/mlb/players/shea-langeliers.php,Langeliers,".251|70R|28HR|75RBI|5SB
",,2026
64,Joe Ryan,MIN,SP,64,66.0,Joe Ryan (MIN - SP),378,11-9-0SV|3.82|1.10|9.77K9,https://www.fantasypros.com/mlb/players/joe-ryan.php,Ryan,"11-9-0SV|3.82|1.10|9.77K9
",,2026
65,Austin Riley,ATL,3B,65,66.0,Austin Riley (ATL - 3B),325,.259|82R|28HR|89RBI|3SB,https://www.fantasypros.com/mlb/players/austin-riley.php,Riley,".259|82R|28HR|89RBI|3SB
",,2026
66,Josh Hader,HOU,RP,66,67.0,Josh Hader (HOU - RP),339,4-3-33SV|3.24|1.08|12.27K9,https://www.fantasypros.com/mlb/players/josh-hader.php,Hader,"4-3-33SV|3.24|1.08|12.27K9
",,2026
67,Blake Snell,LAD,SP,67,68.0,Blake Snell (LAD - SP),335,11-7-0SV|3.50|1.21|10.88K9,https://www.fantasypros.com/mlb/players/blake-snell.php,Snell,"11-7-0SV|3.50|1.21|10.88K9
",,2026
68,George Kirby,SEA,SP,68,68.0,George Kirby (SEA - SP),361,11-9-0SV|3.56|1.11|8.73K9,https://www.fantasypros.com/mlb/players/george-kirby.php,Kirby,"11-9-0SV|3.56|1.11|8.73K9
",,2026
69,Geraldo Perdomo,ARI,SS,69,70.0,Geraldo Perdomo (ARI - SS),377,.264|86R|13HR|62RBI|20SB,https://www.fantasypros.com/mlb/players/geraldo-perdomo.php,Perdomo,".264|86R|13HR|62RBI|20SB
",,2026
70,Jarren Duran,BOS,OF,70,70.0,Jarren Duran (BOS - OF),312,.260|79R|16HR|66RBI|23SB,https://www.fantasypros.com/mlb/players/jarren-duran.php,Duran,".260|79R|16HR|66RBI|23SB
",,2026
71,Cody Bellinger,NYY,"1B,DH,OF",71,70.0,"Cody Bellinger (NYY - 1B,DH,OF)",368,.260|75R|23HR|79RBI|11SB,https://www.fantasypros.com/mlb/players/cody-bellinger.php,Bellinger,".260|75R|23HR|79RBI|11SB
",,2026
72,Byron Buxton,MIN,OF,72,72.0,Byron Buxton (MIN - OF),306,.249|80R|28HR|74RBI|17SB,https://www.fantasypros.com/mlb/players/byron-buxton.php,Buxton,".249|80R|28HR|74RBI|17SB
",,2026
73,Aroldis Chapman,BOS,RP,73,74.0,Aroldis Chapman (BOS - RP),316,4-3-31SV|3.04|1.16|12.52K9,https://www.fantasypros.com/mlb/players/aroldis-chapman.php,Chapman,"4-3-31SV|3.04|1.16|12.52K9
",,2026
74,Jackson Merrill,SD,OF,74,74.0,Jackson Merrill (SD - OF),342,.268|78R|22HR|78RBI|8SB,https://www.fantasypros.com/mlb/players/jackson-merrill.php,Merrill,".268|78R|22HR|78RBI|8SB
",,2026
75,David Bednar,NYY,RP,75,75.0,David Bednar (NYY - RP),314,4-3-31SV|3.38|1.14|10.63K9,https://www.fantasypros.com/mlb/players/david-bednar.php,Bednar,"4-3-31SV|3.38|1.14|10.63K9
",,2026
76,Maikel Garcia,KC,"2B,3B,SS",76,76.0,"Maikel Garcia (KC - 2B,3B,SS)",371,.271|83R|13HR|65RBI|27SB,https://www.fantasypros.com/mlb/players/maikel-garcia.php,Garcia,".271|83R|13HR|65RBI|27SB
",,2026
77,Dylan Cease,TOR,SP,77,76.0,Dylan Cease (TOR - SP),382,12-9-0SV|3.76|1.21|10.53K9,https://www.fantasypros.com/mlb/players/dylan-cease.php,Cease,"12-9-0SV|3.76|1.21|10.53K9
",,2026
78,Hunter Goodman,COL,"C,DH,OF",78,76.0,"Hunter Goodman (COL - C,DH,OF)",296,.255|71R|28HR|85RBI|2SB,https://www.fantasypros.com/mlb/players/hunter-goodman.php,Goodman,".255|71R|28HR|85RBI|2SB
",,2026
79,George Springer,TOR,"DH,OF",79,78.0,"George Springer (TOR - DH,OF)",346,.258|82R|24HR|71RBI|13SB,https://www.fantasypros.com/mlb/players/george-springer.php,Springer,".258|82R|24HR|71RBI|13SB
",,2026
80,Jesus Luzardo,PHI,SP,80,80.0,Jesus Luzardo (PHI - SP),367,11-9-0SV|3.67|1.18|9.85K9,https://www.fantasypros.com/mlb/players/jesus-luzardo.php,Luzardo,"11-9-0SV|3.67|1.18|9.85K9
",,2026
81,Spencer Schwellenbach,ATL,SP,81,84.0,Spencer Schwellenbach (ATL - SP),335,11-8-0SV|3.60|1.14|8.77K9,https://www.fantasypros.com/mlb/players/spencer-schwellenbach.php,Schwellenbach,"11-8-0SV|3.60|1.14|8.77K9
",,2026
82,Vinnie Pasquantino,KC,"1B,DH",82,84.0,"Vinnie Pasquantino (KC - 1B,DH)",382,.262|76R|25HR|87RBI|1SB,https://www.fantasypros.com/mlb/players/vinnie-pasquantino.php,Pasquantino,".262|76R|25HR|87RBI|1SB
",,2026
83,Devin Williams,NYM,RP,83,84.0,Devin Williams (NYM - RP),324,4-3-31SV|3.25|1.17|11.73K9,https://www.fantasypros.com/mlb/players/devin-williams-p.php,Williams,"4-3-31SV|3.25|1.17|11.73K9
",,2026
84,Seiya Suzuki,CHC,"DH,OF",84,84.0,"Seiya Suzuki (CHC - DH,OF)",322,.253|78R|25HR|82RBI|8SB,https://www.fantasypros.com/mlb/players/seiya-suzuki.php,Suzuki,".253|78R|25HR|82RBI|8SB
",,2026
85,Nick Pivetta,SD,SP,85,84.0,Nick Pivetta (SD - SP),366,11-10-0SV|3.95|1.17|9.74K9,https://www.fantasypros.com/mlb/players/nick-pivetta.php,Pivetta,"11-10-0SV|3.95|1.17|9.74K9
",,2026
86,Kyle Bradish,BAL,SP,86,85.0,Kyle Bradish (BAL - SP),314,10-7-0SV|3.60|1.19|9.61K9,https://www.fantasypros.com/mlb/players/kyle-bradish.php,Bradish,"10-7-0SV|3.60|1.19|9.61K9
",,2026
87,Framber Valdez,FA,SP,87,86.0,Framber Valdez (FA - SP),350,12-9-0SV|3.54|1.26|8.53K9,https://www.fantasypros.com/mlb/players/framber-valdez.php,Valdez,"12-9-0SV|3.54|1.26|8.53K9
",FA,2026
88,Randy Arozarena,SEA,OF,88,89.0,Randy Arozarena (SEA - OF),297,.233|84R|22HR|71RBI|23SB,https://www.fantasypros.com/mlb/players/randy-arozarena.php,Arozarena,".233|84R|22HR|71RBI|23SB
",,2026
89,Agustin Ramirez,MIA,"1B,C,DH",89,90.0,"Agustin Ramirez (MIA - 1B,C,DH)",252,.247|56R|17HR|61RBI|11SB,https://www.fantasypros.com/mlb/players/agustin-ramirez.php,Ramirez,".247|56R|17HR|61RBI|11SB
",,2026
90,Tyler Soderstrom,ATH,"1B,OF",90,92.0,"Tyler Soderstrom (ATH - 1B,OF)",305,.256|72R|24HR|78RBI|5SB,https://www.fantasypros.com/mlb/players/tyler-soderstrom.php,Soderstrom,".256|72R|24HR|78RBI|5SB
",,2026
91,Bo Bichette,NYM,SS,91,92.0,Bo Bichette (NYM - SS),353,.285|77R|18HR|78RBI|6SB,https://www.fantasypros.com/mlb/players/bo-bichette.php,Bichette,".285|77R|18HR|78RBI|6SB
",,2026
92,Nico Hoerner,CHC,2B,92,94.0,Nico Hoerner (CHC - 2B),338,.277|69R|7HR|55RBI|25SB,https://www.fantasypros.com/mlb/players/nico-hoerner.php,Hoerner,".277|69R|7HR|55RBI|25SB
",,2026
93,Carlos Estevez,KC,RP,93,94.0,Carlos Estevez (KC - RP),265,3-3-30SV|4.28|1.29|8.24K9,https://www.fantasypros.com/mlb/players/carlos-estevez.php,Estevez,"3-3-30SV|4.28|1.29|8.24K9
",,2026
94,Corey Seager,TEX,SS,94,95.0,Corey Seager (TEX - SS),358,.273|73R|27HR|79RBI|2SB,https://www.fantasypros.com/mlb/players/corey-seager.php,Seager,".273|73R|27HR|79RBI|2SB
",,2026
95,Salvador Perez,KC,"1B,C,DH",95,98.0,"Salvador Perez (KC - 1B,C,DH)",306,.251|67R|26HR|87RBI|0SB,https://www.fantasypros.com/mlb/players/salvador-perez.php,Perez,".251|67R|26HR|87RBI|0SB
",,2026
96,Jeremy Pena,HOU,SS,96,99.0,Jeremy Pena (HOU - SS),340,.272|82R|18HR|68RBI|18SB,https://www.fantasypros.com/mlb/players/jeremy-pena.php,Pena,".272|82R|18HR|68RBI|18SB
",,2026
97,Spencer Strider,ATL,SP,97,100.0,Spencer Strider (ATL - SP),323,10-8-0SV|3.93|1.22|10.41K9,https://www.fantasypros.com/mlb/players/spencer-strider.php,Strider,"10-8-0SV|3.93|1.22|10.41K9
",,2026
98,Drake Baldwin,ATL,"C,DH",98,100.0,"Drake Baldwin (ATL - C,DH)",272,.260|60R|17HR|67RBI|1SB,https://www.fantasypros.com/mlb/players/drake-baldwin.php,Baldwin,".260|60R|17HR|67RBI|1SB
",,2026
99,Oneil Cruz,PIT,"OF,SS",99,100.0,"Oneil Cruz (PIT - OF,SS)",257,.238|67R|21HR|63RBI|26SB,https://www.fantasypros.com/mlb/players/oneil-cruz-3b.php,Cruz,".238|67R|21HR|63RBI|26SB
",,2026
100,Eugenio Suarez,FA,3B,100,102.0,Eugenio Suarez (FA - 3B),270,.227|72R|30HR|84RBI|3SB,https://www.fantasypros.com/mlb/players/eugenio-suarez.php,Suarez,".227|72R|30HR|84RBI|3SB
",FA,2026
101,Michael Harris II,ATL,OF,101,102.0,Michael Harris II (ATL - OF),297,.268|67R|19HR|68RBI|17SB,https://www.fantasypros.com/mlb/players/michael-harris.php,Harris II,".268|67R|19HR|68RBI|17SB
",,2026
102,Jose Altuve,HOU,"2B,DH,OF",102,103.0,"Jose Altuve (HOU - 2B,DH,OF)",340,.261|77R|20HR|73RBI|12SB,https://www.fantasypros.com/mlb/players/jose-altuve.php,Altuve,".261|77R|20HR|73RBI|12SB
",,2026
103,Nolan McLean,NYM,"DH,SP",103,103.0,"Nolan McLean (NYM - DH,SP)",283,10-8-0SV|3.78|1.29|8.72K9,https://www.fantasypros.com/mlb/players/nolan-mclean.php,McLean,"10-8-0SV|3.78|1.29|8.72K9
",,2026
104,Eury Perez,MIA,SP,104,104.0,Eury Perez (MIA - SP),308,9-9-0SV|3.92|1.18|10.01K9,https://www.fantasypros.com/mlb/players/eury-perez-p.php,Perez,"9-9-0SV|3.92|1.18|10.01K9
",,2026
105,Raisel Iglesias,ATL,RP,105,105.0,Raisel Iglesias (ATL - RP),283,3-3-27SV|3.69|1.17|9.55K9,https://www.fantasypros.com/mlb/players/raisel-iglesias.php,Iglesias,"3-3-27SV|3.69|1.17|9.55K9
",,2026
106,Will Smith,LAD,C,106,105.0,Will Smith (LAD - C),293,.259|68R|19HR|68RBI|3SB,https://www.fantasypros.com/mlb/players/will-smith-c.php,Smith,".259|68R|19HR|68RBI|3SB
",,2026
107,Christian Yelich,MIL,"DH,OF",107,106.0,"Christian Yelich (MIL - DH,OF)",301,.256|72R|19HR|73RBI|16SB,https://www.fantasypros.com/mlb/players/christian-yelich.php,Yelich,".256|72R|19HR|73RBI|16SB
",,2026
108,Trevor Story,BOS,SS,108,107.0,Trevor Story (BOS - SS),264,.247|72R|20HR|71RBI|22SB,https://www.fantasypros.com/mlb/players/trevor-story.php,Story,".247|72R|20HR|71RBI|22SB
",,2026
109,Alex Bregman,CHC,3B,109,108.0,Alex Bregman (CHC - 3B),379,.254|81R|22HR|78RBI|3SB,https://www.fantasypros.com/mlb/players/alex-bregman.php,Bregman,".254|81R|22HR|78RBI|3SB
",,2026
110,Kevin Gausman,TOR,SP,110,109.0,Kevin Gausman (TOR - SP),340,11-10-0SV|4.09|1.22|8.76K9,https://www.fantasypros.com/mlb/players/kevin-gausman.php,Gausman,"11-10-0SV|4.09|1.22|8.76K9
",,2026
111,Yandy Diaz,TB,"1B,DH",111,111.0,"Yandy Diaz (TB - 1B,DH)",375,.286|79R|21HR|76RBI|2SB,https://www.fantasypros.com/mlb/players/yandy-diaz.php,Diaz,".286|79R|21HR|76RBI|2SB
",,2026
112,Tyler Glasnow,LAD,SP,112,111.0,Tyler Glasnow (LAD - SP),306,10-6-0SV|3.63|1.17|10.42K9,https://www.fantasypros.com/mlb/players/tyler-glasnow.php,Glasnow,"10-6-0SV|3.63|1.17|10.42K9
",,2026
113,Sonny Gray,BOS,SP,113,112.0,Sonny Gray (BOS - SP),357,11-9-0SV|3.75|1.19|9.30K9,https://www.fantasypros.com/mlb/players/sonny-gray.php,Gray,"11-9-0SV|3.75|1.19|9.30K9
",,2026
114,Michael Busch,CHC,1B,114,112.0,Michael Busch (CHC - 1B),291,.246|74R|25HR|72RBI|3SB,https://www.fantasypros.com/mlb/players/michael-busch-2b.php,Busch,".246|74R|25HR|72RBI|3SB
",,2026
115,Ryan Helsley,BAL,RP,115,115.0,Ryan Helsley (BAL - RP),283,3-3-27SV|3.54|1.22|10.31K9,https://www.fantasypros.com/mlb/players/ryan-helsley.php,Helsley,"3-3-27SV|3.54|1.22|10.31K9
",,2026
116,Zack Wheeler,PHI,SP,116,116.0,Zack Wheeler (PHI - SP),307,9-5-0SV|3.21|1.06|10.37K9,https://www.fantasypros.com/mlb/players/zack-wheeler.php,Wheeler,"9-5-0SV|3.21|1.06|10.37K9
",,2026
117,Trevor Megill,MIL,RP,117,117.0,Trevor Megill (MIL - RP),242,3-3-15SV|3.50|1.18|10.98K9,https://www.fantasypros.com/mlb/players/trevor-megill.php,Megill,"3-3-15SV|3.50|1.18|10.98K9
",,2026
118,Willy Adames,SF,SS,118,117.0,Willy Adames (SF - SS),319,.232|82R|26HR|79RBI|11SB,https://www.fantasypros.com/mlb/players/willy-adames.php,Adames,".232|82R|26HR|79RBI|11SB
",,2026
119,Yainer Diaz,HOU,"C,DH",119,118.0,"Yainer Diaz (HOU - C,DH)",270,.269|58R|18HR|66RBI|1SB,https://www.fantasypros.com/mlb/players/yainer-diaz-c.php,Diaz,".269|58R|18HR|66RBI|1SB
",,2026
120,Brandon Woodruff,MIL,SP,120,120.0,Brandon Woodruff (MIL - SP),322,10-8-0SV|3.81|1.14|9.42K9,https://www.fantasypros.com/mlb/players/brandon-woodruff.php,Woodruff,"10-8-0SV|3.81|1.14|9.42K9
",,2026
121,Teoscar Hernandez,LAD,OF,121,122.0,Teoscar Hernandez (LAD - OF),288,.257|73R|26HR|82RBI|6SB,https://www.fantasypros.com/mlb/players/teoscar-hernandez.php,Hernandez,".257|73R|26HR|82RBI|6SB
",,2026
122,Chase Burns,CIN,"RP,SP",122,124.0,"Chase Burns (CIN - RP,SP)",283,8-7-0SV|3.75|1.20|10.68K9,https://www.fantasypros.com/mlb/players/chase-burns.php,Burns,"8-7-0SV|3.75|1.20|10.68K9
",,2026
123,Jordan Westburg,BAL,"2B,3B,DH",123,126.0,"Jordan Westburg (BAL - 2B,3B,DH)",309,.260|78R|24HR|74RBI|6SB,https://www.fantasypros.com/mlb/players/jordan-westburg.php,Westburg,".260|78R|24HR|74RBI|6SB
",,2026
124,Pablo Lopez,MIN,SP,124,128.0,Pablo Lopez (MIN - SP),328,10-9-0SV|3.90|1.20|8.88K9,https://www.fantasypros.com/mlb/players/pablo-lopez.php,Lopez,"10-9-0SV|3.90|1.20|8.88K9
",,2026
125,Kyle Stowers,MIA,OF,125,128.0,Kyle Stowers (MIA - OF),262,.240|68R|24HR|75RBI|4SB,https://www.fantasypros.com/mlb/players/kyle-stowers.php,Stowers,".240|68R|24HR|75RBI|4SB
",,2026
126,Brandon Nimmo,TEX,OF,126,130.0,Brandon Nimmo (TEX - OF),315,.251|81R|21HR|71RBI|9SB,https://www.fantasypros.com/mlb/players/brandon-nimmo.php,Nimmo,".251|81R|21HR|71RBI|9SB
",,2026
127,Robert Suarez,ATL,RP,127,131.0,Robert Suarez (ATL - RP),215,4-3-10SV|3.61|1.18|9.60K9,https://www.fantasypros.com/mlb/players/robert-suarez.php,Suarez,"4-3-10SV|3.61|1.18|9.60K9
",,2026
128,Jo Adell,LAA,OF,128,133.0,Jo Adell (LAA - OF),281,.237|69R|30HR|80RBI|9SB,https://www.fantasypros.com/mlb/players/jo-adell.php,Adell,".237|69R|30HR|80RBI|9SB
",,2026
129,Cam Schlittler,NYY,SP,129,133.0,Cam Schlittler (NYY - SP),236,8-7-0SV|4.05|1.30|8.95K9,https://www.fantasypros.com/mlb/players/cam-schlittler.php,Schlittler,"8-7-0SV|4.05|1.30|8.95K9
",,2026
130,Jackson Holliday,BAL,2B,130,134.0,Jackson Holliday (BAL - 2B),275,.250|74R|15HR|56RBI|15SB,https://www.fantasypros.com/mlb/players/jackson-holliday.php,Holliday,".250|74R|15HR|56RBI|15SB
",,2026
131,Andy Pages,LAD,OF,131,136.0,Andy Pages (LAD - OF),299,.255|72R|23HR|74RBI|10SB,https://www.fantasypros.com/mlb/players/andy-pages.php,Pages,".255|72R|23HR|74RBI|10SB
",,2026
132,Nathan Eovaldi,TEX,SP,132,136.0,Nathan Eovaldi (TEX - SP),353,11-8-0SV|3.52|1.14|8.67K9,https://www.fantasypros.com/mlb/players/nathan-eovaldi.php,Eovaldi,"11-8-0SV|3.52|1.14|8.67K9
",,2026
133,Luis Robert Jr.,NYM,OF,133,138.0,Luis Robert Jr. (NYM - OF),242,.235|64R|20HR|61RBI|29SB,https://www.fantasypros.com/mlb/players/luis-robert.php,Robert Jr.,".235|64R|20HR|61RBI|29SB
",,2026
134,Jeff Hoffman,TOR,RP,134,138.0,Jeff Hoffman (TOR - RP),279,3-3-26SV|3.59|1.17|10.58K9,https://www.fantasypros.com/mlb/players/jeff-hoffman.php,Hoffman,"3-3-26SV|3.59|1.17|10.58K9
",,2026
135,Jakob Marsee,MIA,OF,135,138.0,Jakob Marsee (MIA - OF),272,.231|70R|13HR|51RBI|31SB,https://www.fantasypros.com/mlb/players/jakob-marsee.php,Marsee,".231|70R|13HR|51RBI|31SB
",,2026
136,Michael King,SD,SP,136,138.0,Michael King (SD - SP),330,11-9-0SV|3.86|1.23|9.28K9,https://www.fantasypros.com/mlb/players/michael-king.php,King,"11-9-0SV|3.86|1.23|9.28K9
",,2026
137,Taylor Ward,BAL,OF,137,138.0,Taylor Ward (BAL - OF),316,.242|78R|26HR|80RBI|5SB,https://www.fantasypros.com/mlb/players/taylor-ward.php,Ward,".242|78R|26HR|80RBI|5SB
",,2026
138,Jacob Misiorowski,MIL,"RP,SP",138,138.0,"Jacob Misiorowski (MIL - RP,SP)",277,8-7-0SV|3.98|1.30|10.26K9,https://www.fantasypros.com/mlb/players/jacob-misiorowski.php,Misiorowski,"8-7-0SV|3.98|1.30|10.26K9
",,2026
139,Luke Keaschall,MIN,2B,139,140.0,Luke Keaschall (MIN - 2B),295,.266|68R|12HR|55RBI|23SB,https://www.fantasypros.com/mlb/players/luke-keaschall.php,Keaschall,".266|68R|12HR|55RBI|23SB
",,2026
140,Nick Lodolo,CIN,SP,140,140.0,Nick Lodolo (CIN - SP),279,9-9-0SV|4.07|1.21|8.98K9,https://www.fantasypros.com/mlb/players/nick-lodolo.php,Lodolo,"9-9-0SV|4.07|1.21|8.98K9
",,2026
141,Pete Fairbanks,MIA,RP,141,141.0,Pete Fairbanks (MIA - RP),260,3-3-25SV|3.60|1.22|9.18K9,https://www.fantasypros.com/mlb/players/pete-fairbanks.php,Fairbanks,"3-3-25SV|3.60|1.22|9.18K9
",,2026
142,Trey Yesavage,TOR,SP,142,141.0,Trey Yesavage (TOR - SP),283,8-7-0SV|3.88|1.26|10.09K9,https://www.fantasypros.com/mlb/players/trey-yesavage.php,Yesavage,"8-7-0SV|3.88|1.26|10.09K9
",,2026
143,Ivan Herrera,STL,"C,DH",143,142.0,"Ivan Herrera (STL - C,DH)",288,.268|69R|17HR|62RBI|8SB,https://www.fantasypros.com/mlb/players/ivan-herrera.php,Herrera,".268|69R|17HR|62RBI|8SB
",,2026
144,Lawrence Butler,ATH,OF,144,142.0,Lawrence Butler (ATH - OF),266,.242|68R|21HR|64RBI|18SB,https://www.fantasypros.com/mlb/players/lawrence-butler.php,Butler,".242|68R|21HR|64RBI|18SB
",,2026
145,Kenley Jansen,DET,RP,145,142.0,Kenley Jansen (DET - RP),246,3-3-24SV|3.94|1.20|9.25K9,https://www.fantasypros.com/mlb/players/kenley-jansen.php,Jansen,"3-3-24SV|3.94|1.20|9.25K9
",,2026
146,Emilio Pagan,CIN,RP,146,142.0,Emilio Pagan (CIN - RP),273,3-3-26SV|4.01|1.20|9.96K9,https://www.fantasypros.com/mlb/players/emilio-pagan.php,Pagan,"3-3-26SV|4.01|1.20|9.96K9
",,2026
147,Adley Rutschman,BAL,"C,DH",147,146.0,"Adley Rutschman (BAL - C,DH)",306,.251|67R|17HR|65RBI|1SB,https://www.fantasypros.com/mlb/players/adley-rutschman.php,Rutschman,".251|67R|17HR|65RBI|1SB
",,2026
148,Sandy Alcantara,MIA,SP,148,148.0,Sandy Alcantara (MIA - SP),283,10-11-0SV|4.21|1.28|7.47K9,https://www.fantasypros.com/mlb/players/sandy-alcantara.php,Alcantara,"10-11-0SV|4.21|1.28|7.47K9
",,2026
149,Daniel Palencia,CHC,RP,149,150.0,Daniel Palencia (CHC - RP),290,3-3-28SV|3.67|1.25|10.21K9,https://www.fantasypros.com/mlb/players/daniel-palencia.php,Palencia,"3-3-28SV|3.67|1.25|10.21K9
",,2026
150,Gavin Williams,CLE,SP,150,150.0,Gavin Williams (CLE - SP),302,10-10-0SV|4.03|1.31|9.09K9,https://www.fantasypros.com/mlb/players/gavin-williams.php,Williams,"10-10-0SV|4.03|1.31|9.09K9
",,2026
151,Noelvi Marte,CIN,"3B,OF",151,151.0,"Noelvi Marte (CIN - 3B,OF)",265,.252|67R|18HR|63RBI|16SB,https://www.fantasypros.com/mlb/players/noelvi-marte.php,Marte,".252|67R|18HR|63RBI|16SB
",,2026
152,Emmet Sheehan,LAD,SP,152,152.0,Emmet Sheehan (LAD - SP),289,8-6-0SV|3.81|1.17|10.32K9,https://www.fantasypros.com/mlb/players/emmet-sheehan.php,Sheehan,"8-6-0SV|3.81|1.17|10.32K9
",,2026
153,Luis Castillo,SEA,SP,153,154.0,Luis Castillo (SEA - SP),332,11-10-0SV|3.94|1.20|8.39K9,https://www.fantasypros.com/mlb/players/luis-castillo.php,Castillo,"11-10-0SV|3.94|1.20|8.39K9
",,2026
154,Ceddanne Rafaela,BOS,"2B,OF,SS",154,154.0,"Ceddanne Rafaela (BOS - 2B,OF,SS)",275,.254|67R|17HR|63RBI|21SB,https://www.fantasypros.com/mlb/players/ceddanne-rafaela.php,Rafaela,".254|67R|17HR|63RBI|21SB
",,2026
155,Shane Bieber,TOR,SP,155,154.0,Shane Bieber (TOR - SP),256,9-7-0SV|3.90|1.21|8.14K9,https://www.fantasypros.com/mlb/players/shane-bieber.php,Bieber,"9-7-0SV|3.90|1.21|8.14K9
",,2026
156,Trevor Rogers,BAL,SP,156,156.0,Trevor Rogers (BAL - SP),273,10-9-0SV|4.14|1.29|7.71K9,https://www.fantasypros.com/mlb/players/trevor-rogers.php,Rogers,"10-9-0SV|4.14|1.29|7.71K9
",,2026
157,Ozzie Albies,ATL,2B,157,156.0,Ozzie Albies (ATL - 2B),319,.251|68R|17HR|69RBI|10SB,https://www.fantasypros.com/mlb/players/ozhaino-albies.php,Albies,".251|68R|17HR|69RBI|10SB
",,2026
158,Ryan Pepiot,TB,SP,158,157.0,Ryan Pepiot (TB - SP),310,10-10-0SV|4.17|1.25|9.14K9,https://www.fantasypros.com/mlb/players/ryan-pepiot.php,Pepiot,"10-10-0SV|4.17|1.25|9.14K9
",,2026
159,Chandler Simpson,TB,OF,159,157.0,Chandler Simpson (TB - OF),240,.282|51R|2HR|33RBI|39SB,https://www.fantasypros.com/mlb/players/chandler-simpson.php,Simpson,".282|51R|2HR|33RBI|39SB
",,2026
160,Ian Happ,CHC,OF,160,158.0,Ian Happ (CHC - OF),319,.239|80R|21HR|76RBI|8SB,https://www.fantasypros.com/mlb/players/ian-happ.php,Happ,".239|80R|21HR|76RBI|8SB
",,2026
161,Steven Kwan,CLE,OF,161,158.0,Steven Kwan (CLE - OF),365,.273|79R|9HR|55RBI|18SB,https://www.fantasypros.com/mlb/players/steven-kwan.php,Kwan,".273|79R|9HR|55RBI|18SB
",,2026
162,Dansby Swanson,CHC,SS,162,159.0,Dansby Swanson (CHC - SS),274,.239|71R|20HR|71RBI|15SB,https://www.fantasypros.com/mlb/players/dansby-swanson.php,Swanson,".239|71R|20HR|71RBI|15SB
",,2026
163,Robbie Ray,SF,SP,163,160.0,Robbie Ray (SF - SP),310,10-10-0SV|4.28|1.28|9.35K9,https://www.fantasypros.com/mlb/players/robbie-ray.php,Ray,"10-10-0SV|4.28|1.28|9.35K9
",,2026
164,Alejandro Kirk,TOR,C,164,161.0,Alejandro Kirk (TOR - C),284,.270|56R|15HR|59RBI|1SB,https://www.fantasypros.com/mlb/players/alejandro-kirk.php,Kirk,".270|56R|15HR|59RBI|1SB
",,2026
165,Shota Imanaga,CHC,SP,165,166.0,Shota Imanaga (CHC - SP),284,10-9-0SV|4.14|1.16|8.14K9,https://www.fantasypros.com/mlb/players/shota-imanaga.php,Imanaga,"10-9-0SV|4.14|1.16|8.14K9
",,2026
166,Abner Uribe,MIL,RP,166,168.0,Abner Uribe (MIL - RP),281,4-3-19SV|3.02|1.22|10.60K9,https://www.fantasypros.com/mlb/players/abner-uribe.php,Uribe,"4-3-19SV|3.02|1.22|10.60K9
",,2026
167,Drew Rasmussen,TB,"RP,SP",167,169.0,"Drew Rasmussen (TB - RP,SP)",307,10-9-0SV|3.73|1.19|8.21K9,https://www.fantasypros.com/mlb/players/drew-rasmussen.php,Rasmussen,"10-9-0SV|3.73|1.19|8.21K9
",,2026
168,Colson Montgomery,CWS,"3B,SS",168,172.0,"Colson Montgomery (CWS - 3B,SS)",230,.222|65R|23HR|70RBI|3SB,https://www.fantasypros.com/mlb/players/colson-montgomery.php,Montgomery,".222|65R|23HR|70RBI|3SB
",,2026
169,Carlos Rodon,NYY,SP,169,172.0,Carlos Rodon (NYY - SP),296,10-8-0SV|4.03|1.22|9.53K9,https://www.fantasypros.com/mlb/players/carlos-rodon.php,Rodon,"10-8-0SV|4.03|1.22|9.53K9
",,2026
170,Bubba Chandler,PIT,SP,170,173.0,Bubba Chandler (PIT - SP),249,8-9-0SV|4.26|1.32|8.44K9,https://www.fantasypros.com/mlb/players/bubba-chandler.php,Chandler,"8-9-0SV|4.26|1.32|8.44K9
",,2026
171,Jacob Wilson,ATH,SS,171,173.0,Jacob Wilson (ATH - SS),340,.296|68R|12HR|62RBI|6SB,https://www.fantasypros.com/mlb/players/jacob-wilson-ss.php,Wilson,".296|68R|12HR|62RBI|6SB
",,2026
172,Jurickson Profar,ATL,OF,172,174.0,Jurickson Profar (ATL - OF),334,.250|76R|18HR|69RBI|9SB,https://www.fantasypros.com/mlb/players/jurickson-profar.php,Profar,".250|76R|18HR|69RBI|9SB
",,2026
173,Jonathan Aranda,TB,"1B,DH",173,174.0,"Jonathan Aranda (TB - 1B,DH)",266,.261|67R|20HR|71RBI|1SB,https://www.fantasypros.com/mlb/players/jonathan-aranda.php,Aranda,".261|67R|20HR|71RBI|1SB
",,2026
174,Brandon Lowe,PIT,"2B,DH",174,175.0,"Brandon Lowe (PIT - 2B,DH)",261,.242|68R|23HR|70RBI|5SB,https://www.fantasypros.com/mlb/players/brandon-lowe.php,Lowe,".242|68R|23HR|70RBI|5SB
",,2026
175,Dennis Santana,PIT,RP,175,176.0,Dennis Santana (PIT - RP),260,4-3-25SV|3.99|1.28|8.36K9,https://www.fantasypros.com/mlb/players/dennis-santana.php,Santana,"4-3-25SV|3.99|1.28|8.36K9
",,2026
176,Willson Contreras,BOS,"1B,C,DH",176,178.0,"Willson Contreras (BOS - 1B,C,DH)",260,.248|68R|21HR|72RBI|5SB,https://www.fantasypros.com/mlb/players/willson-contreras.php,Contreras,".248|68R|21HR|72RBI|5SB
",,2026
177,Christian Walker,HOU,1B,177,178.0,Christian Walker (HOU - 1B),270,.229|69R|26HR|78RBI|3SB,https://www.fantasypros.com/mlb/players/christian-walker.php,Walker,".229|69R|26HR|78RBI|3SB
",,2026
178,Mike Trout,LAA,"DH,OF",178,178.0,"Mike Trout (LAA - DH,OF)",260,.235|68R|25HR|70RBI|4SB,https://www.fantasypros.com/mlb/players/mike-trout.php,Trout,".235|68R|25HR|70RBI|4SB
",,2026
179,Ranger Suarez,BOS,SP,179,179.0,Ranger Suarez (BOS - SP),312,11-9-0SV|3.72|1.24|7.96K9,https://www.fantasypros.com/mlb/players/ranger-suarez.php,Suarez,"11-9-0SV|3.72|1.24|7.96K9
",,2026
180,Matt Chapman,SF,3B,180,180.0,Matt Chapman (SF - 3B),312,.236|78R|24HR|77RBI|9SB,https://www.fantasypros.com/mlb/players/matt-chapman.php,Chapman,".236|78R|24HR|77RBI|9SB
",,2026
181,Alec Burleson,STL,"1B,DH,OF",181,184.0,"Alec Burleson (STL - 1B,DH,OF)",326,.269|66R|19HR|73RBI|5SB,https://www.fantasypros.com/mlb/players/alec-burleson.php,Burleson,".269|66R|19HR|73RBI|5SB
",,2026
182,Tanner Bibee,CLE,SP,182,185.0,Tanner Bibee (CLE - SP),322,10-10-0SV|4.04|1.23|8.31K9,https://www.fantasypros.com/mlb/players/tanner-bibee.php,Bibee,"10-10-0SV|4.04|1.23|8.31K9
",,2026
183,Samuel Basallo,BAL,"1B,C",183,186.0,"Samuel Basallo (BAL - 1B,C)",192,.242|48R|16HR|50RBI|3SB,https://www.fantasypros.com/mlb/players/samuel-basallo.php,Basallo,".242|48R|16HR|50RBI|3SB
",,2026
184,Kyle Teel,CWS,"C,DH",184,186.0,"Kyle Teel (CWS - C,DH)",187,.246|52R|12HR|45RBI|5SB,https://www.fantasypros.com/mlb/players/kyle-teel.php,Teel,".246|52R|12HR|45RBI|5SB
",,2026
185,Cade Horton,CHC,SP,185,187.0,Cade Horton (CHC - SP),224,8-7-0SV|4.13|1.26|7.92K9,https://www.fantasypros.com/mlb/players/cade-horton.php,Horton,"8-7-0SV|4.13|1.26|7.92K9
",,2026
186,Spencer Torkelson,DET,"1B,DH",186,187.0,"Spencer Torkelson (DET - 1B,DH)",294,.232|73R|26HR|79RBI|2SB,https://www.fantasypros.com/mlb/players/spencer-torkelson-if.php,Torkelson,".232|73R|26HR|79RBI|2SB
",,2026
187,Dylan Crews,WSH,OF,187,190.0,Dylan Crews (WSH - OF),256,.238|63R|16HR|61RBI|23SB,https://www.fantasypros.com/mlb/players/dylan-crews.php,Crews,".238|63R|16HR|61RBI|23SB
",,2026
188,Gabriel Moreno,ARI,C,188,190.0,Gabriel Moreno (ARI - C),235,.276|52R|10HR|53RBI|4SB,https://www.fantasypros.com/mlb/players/gabriel-moreno.php,Moreno,".276|52R|10HR|53RBI|4SB
",,2026
189,Xavier Edwards,MIA,"2B,SS",189,190.0,"Xavier Edwards (MIA - 2B,SS)",296,.279|68R|4HR|45RBI|27SB,https://www.fantasypros.com/mlb/players/xavier-edwards-ss.php,Edwards,".279|68R|4HR|45RBI|27SB
",,2026
190,Isaac Paredes,HOU,"3B,DH",190,191.0,"Isaac Paredes (HOU - 3B,DH)",266,.244|59R|19HR|58RBI|1SB,https://www.fantasypros.com/mlb/players/isaac-paredes.php,Paredes,".244|59R|19HR|58RBI|1SB
",,2026
191,Addison Barger,TOR,"3B,OF",191,193.0,"Addison Barger (TOR - 3B,OF)",225,.242|57R|17HR|57RBI|4SB,https://www.fantasypros.com/mlb/players/addison-barger.php,Barger,".242|57R|17HR|57RBI|4SB
",,2026
192,Edward Cabrera,CHC,SP,192,194.0,Edward Cabrera (CHC - SP),265,9-8-0SV|3.96|1.26|9.52K9,https://www.fantasypros.com/mlb/players/edward-cabrera-p.php,Cabrera,"9-8-0SV|3.96|1.26|9.52K9
",,2026
193,Brenton Doyle,COL,OF,193,194.0,Brenton Doyle (COL - OF),254,.248|67R|19HR|65RBI|20SB,https://www.fantasypros.com/mlb/players/brenton-doyle.php,Doyle,".248|67R|19HR|65RBI|20SB
",,2026
194,Daylen Lile,WSH,"DH,OF",194,194.0,"Daylen Lile (WSH - DH,OF)",277,.264|62R|11HR|58RBI|14SB,https://www.fantasypros.com/mlb/players/daylen-lile.php,Lile,".264|62R|11HR|58RBI|14SB
",,2026
195,MacKenzie Gore,TEX,SP,195,194.0,MacKenzie Gore (TEX - SP),321,10-9-0SV|3.94|1.26|9.94K9,https://www.fantasypros.com/mlb/players/mackenzie-gore.php,Gore,"10-9-0SV|3.94|1.26|9.94K9
",,2026
196,Francisco Alvarez,NYM,C,196,195.0,Francisco Alvarez (NYM - C),205,.235|51R|19HR|56RBI|1SB,https://www.fantasypros.com/mlb/players/francisco-alvarez.php,Alvarez,".235|51R|19HR|56RBI|1SB
",,2026
197,Bryan Reynolds,PIT,"DH,OF",197,198.0,"Bryan Reynolds (PIT - DH,OF)",296,.253|76R|19HR|75RBI|6SB,https://www.fantasypros.com/mlb/players/bryan-reynolds.php,Reynolds,".253|76R|19HR|75RBI|6SB
",,2026
198,Bryson Stott,PHI,"2B,SS",198,201.0,"Bryson Stott (PHI - 2B,SS)",308,.255|68R|13HR|60RBI|23SB,https://www.fantasypros.com/mlb/players/bryson-stott-ss.php,Stott,".255|68R|13HR|60RBI|23SB
",,2026
199,Royce Lewis,MIN,"3B,DH",199,208.0,"Royce Lewis (MIN - 3B,DH)",261,.247|59R|20HR|64RBI|10SB,https://www.fantasypros.com/mlb/players/royce-lewis.php,Lewis,".247|59R|20HR|64RBI|10SB
",,2026
200,Jose Caballero,NYY,"2B,3B,OF,SS",200,209.0,"Jose Caballero (NYY - 2B,3B,OF,SS)",145,.223|39R|6HR|28RBI|32SB,https://www.fantasypros.com/mlb/players/jose-caballero.php,Caballero,".223|39R|6HR|28RBI|32SB
",,2026
201,Sal Frelick,MIL,OF,201,209.0,Sal Frelick (MIL - OF),264,.261|59R|8HR|49RBI|16SB,https://www.fantasypros.com/mlb/players/sal-frelick.php,Frelick,".261|59R|8HR|49RBI|16SB
",,2026
202,Kris Bubic,KC,"RP,SP",202,209.0,"Kris Bubic (KC - RP,SP)",264,8-7-0SV|3.80|1.26|8.61K9,https://www.fantasypros.com/mlb/players/kris-bubic.php,Bubic,"8-7-0SV|3.80|1.26|8.61K9
",,2026
203,Ryan Walker,SF,RP,203,210.0,Ryan Walker (SF - RP),278,3-3-27SV|3.47|1.20|9.47K9,https://www.fantasypros.com/mlb/players/ryan-walker-.php,Walker,"3-3-27SV|3.47|1.20|9.47K9
",,2026
204,Jasson Dominguez,NYY,"DH,OF",204,213.0,"Jasson Dominguez (NYY - DH,OF)",169,.244|46R|11HR|39RBI|16SB,https://www.fantasypros.com/mlb/players/jasson-dominguez.php,Dominguez,".244|46R|11HR|39RBI|16SB
",,2026
205,Andrew Abbott,CIN,SP,205,213.0,Andrew Abbott (CIN - SP),274,9-10-0SV|4.40|1.28|8.24K9,https://www.fantasypros.com/mlb/players/andrew-abbott.php,Abbott,"9-10-0SV|4.40|1.28|8.24K9
",,2026
206,Anthony Santander,TOR,"DH,OF",206,214.0,"Anthony Santander (TOR - DH,OF)",281,.229|67R|25HR|74RBI|2SB,https://www.fantasypros.com/mlb/players/anthony-santander.php,Santander,".229|67R|25HR|74RBI|2SB
",,2026
207,Matthew Boyd,CHC,SP,207,215.0,Matthew Boyd (CHC - SP),291,10-9-0SV|4.03|1.23|8.09K9,https://www.fantasypros.com/mlb/players/matt-boyd.php,Boyd,"10-9-0SV|4.03|1.23|8.09K9
",,2026
208,Daulton Varsho,TOR,OF,208,215.0,Daulton Varsho (TOR - OF),261,.226|67R|24HR|69RBI|9SB,https://www.fantasypros.com/mlb/players/daulton-varsho.php,Varsho,".226|67R|24HR|69RBI|9SB
",,2026
209,Carter Jensen,KC,C,209,218.0,Carter Jensen (KC - C),163,.241|42R|11HR|41RBI|4SB,https://www.fantasypros.com/mlb/players/carter-jensen.php,Jensen,".241|42R|11HR|41RBI|4SB
",,2026
210,J.T. Realmuto,PHI,C,210,218.0,J.T. Realmuto (PHI - C),204,.249|53R|14HR|53RBI|7SB,https://www.fantasypros.com/mlb/players/jt-realmuto.php,Realmuto,".249|53R|14HR|53RBI|7SB
",,2026
211,Trent Grisham,NYY,OF,211,221.0,Trent Grisham (NYY - OF),263,.222|71R|23HR|62RBI|6SB,https://www.fantasypros.com/mlb/players/trent-grisham.php,Grisham,".222|71R|23HR|62RBI|6SB
",,2026
212,Shane Baz,BAL,SP,212,222.0,Shane Baz (BAL - SP),288,10-9-0SV|4.18|1.28|8.83K9,https://www.fantasypros.com/mlb/players/shane-baz.php,Baz,"10-9-0SV|4.18|1.28|8.83K9
",,2026
213,Austin Wells,NYY,C,213,222.0,Austin Wells (NYY - C),203,.226|52R|18HR|55RBI|4SB,https://www.fantasypros.com/mlb/players/austin-wells.php,Wells,".226|52R|18HR|55RBI|4SB
",,2026
214,Jorge Polanco,NYM,"2B,DH",214,224.0,"Jorge Polanco (NYM - 2B,DH)",268,.244|61R|20HR|66RBI|5SB,https://www.fantasypros.com/mlb/players/jorge-polanco.php,Polanco,".244|61R|20HR|66RBI|5SB
",,2026
215,Ramon Laureano,SD,OF,215,224.0,Ramon Laureano (SD - OF),231,.245|62R|19HR|65RBI|8SB,https://www.fantasypros.com/mlb/players/ramon-laureano.php,Laureano,".245|62R|19HR|65RBI|8SB
",,2026
216,Shane McClanahan,TB,SP,216,224.0,Shane McClanahan (TB - SP),277,8-7-0SV|3.64|1.18|9.31K9,https://www.fantasypros.com/mlb/players/shane-mcclanahan.php,McClanahan,"8-7-0SV|3.64|1.18|9.31K9
",,2026
217,Marcus Semien,NYM,2B,217,224.0,Marcus Semien (NYM - 2B),319,.240|72R|19HR|70RBI|9SB,https://www.fantasypros.com/mlb/players/marcus-semien.php,Semien,".240|72R|19HR|70RBI|9SB
",,2026
218,Mark Vientos,NYM,"3B,DH",218,225.0,"Mark Vientos (NYM - 3B,DH)",199,.242|51R|19HR|58RBI|1SB,https://www.fantasypros.com/mlb/players/mark-vientos.php,Vientos,".242|51R|19HR|58RBI|1SB
",,2026
219,Merrill Kelly,ARI,SP,219,226.0,Merrill Kelly (ARI - SP),303,11-10-0SV|4.17|1.27|8.01K9,https://www.fantasypros.com/mlb/players/merrill-kelly.php,Kelly,"11-10-0SV|4.17|1.27|8.01K9
",,2026
220,Sal Stewart,CIN,"1B,2B,3B",220,226.0,"Sal Stewart (CIN - 1B,2B,3B)",262,.263|58R|17HR|62RBI|6SB,https://www.fantasypros.com/mlb/players/sal-stewart.php,Stewart,".263|58R|17HR|62RBI|6SB
",,2026
221,Heliot Ramos,SF,OF,221,226.0,Heliot Ramos (SF - OF),279,.253|72R|21HR|71RBI|6SB,https://www.fantasypros.com/mlb/players/heliot-ramos-of.php,Ramos,".253|72R|21HR|71RBI|6SB
",,2026
222,Connelly Early,BOS,SP,222,226.0,Connelly Early (BOS - SP),106,3-3-0SV|3.66|1.25|9.22K9,https://www.fantasypros.com/mlb/players/connelly-early.php,Early,"3-3-0SV|3.66|1.25|9.22K9
",,2026
223,Giancarlo Stanton,NYY,"DH,OF",223,227.0,"Giancarlo Stanton (NYY - DH,OF)",209,.227|54R|26HR|67RBI|1SB,https://www.fantasypros.com/mlb/players/giancarlo-stanton.php,Stanton,".227|54R|26HR|67RBI|1SB
",,2026
224,Matt McLain,CIN,"2B,SS",224,227.0,"Matt McLain (CIN - 2B,SS)",225,.235|63R|17HR|58RBI|15SB,https://www.fantasypros.com/mlb/players/matt-mclain.php,McLain,".235|63R|17HR|58RBI|15SB
",,2026
225,Kerry Carpenter,DET,"DH,OF",225,229.0,"Kerry Carpenter (DET - DH,OF)",243,.252|59R|22HR|65RBI|2SB,https://www.fantasypros.com/mlb/players/kerry-carpenter.php,Carpenter,".252|59R|22HR|65RBI|2SB
",,2026
226,Spencer Steer,CIN,"1B,DH,OF",226,229.0,"Spencer Steer (CIN - 1B,DH,OF)",283,.237|66R|19HR|68RBI|10SB,https://www.fantasypros.com/mlb/players/spencer-steer.php,Steer,".237|66R|19HR|68RBI|10SB
",,2026
227,Zac Gallen,FA,SP,227,230.0,Zac Gallen (FA - SP),301,11-11-0SV|4.26|1.30|8.52K9,https://www.fantasypros.com/mlb/players/zac-gallen.php,Gallen,"11-11-0SV|4.26|1.30|8.52K9
",FA,2026
228,Konnor Griffin,PIT,OF,228,230.0,Konnor Griffin (PIT - OF),162,.258|43R|9HR|40RBI|18SB,https://www.fantasypros.com/mlb/players/konnor-griffin.php,Griffin,".258|43R|9HR|40RBI|18SB
",NRI,2026
229,Aaron Nola,PHI,SP,229,230.0,Aaron Nola (PHI - SP),309,10-10-0SV|4.16|1.23|8.55K9,https://www.fantasypros.com/mlb/players/aaron-nola.php,Nola,"10-10-0SV|4.16|1.23|8.55K9
",,2026
230,Gleyber Torres,DET,"2B,DH",230,231.0,"Gleyber Torres (DET - 2B,DH)",342,.258|79R|18HR|69RBI|6SB,https://www.fantasypros.com/mlb/players/gleyber-torres.php,Torres,".258|79R|18HR|69RBI|6SB
",,2026
231,Mickey Moniak,COL,"DH,OF",231,232.0,"Mickey Moniak (COL - DH,OF)",233,.258|59R|19HR|60RBI|9SB,https://www.fantasypros.com/mlb/players/mckenzie-moniak.php,Moniak,".258|59R|19HR|60RBI|9SB
",,2026
232,Xander Bogaerts,SD,"2B,SS",232,232.0,"Xander Bogaerts (SD - 2B,SS)",287,.263|65R|13HR|60RBI|15SB,https://www.fantasypros.com/mlb/players/xander-bogaerts.php,Bogaerts,".263|65R|13HR|60RBI|15SB
",,2026
233,Otto Lopez,MIA,"2B,SS",233,233.0,"Otto Lopez (MIA - 2B,SS)",283,.265|60R|11HR|57RBI|15SB,https://www.fantasypros.com/mlb/players/otto-lopez.php,Lopez,".265|60R|11HR|57RBI|15SB
",,2026
234,Ezequiel Tovar,COL,SS,234,234.0,Ezequiel Tovar (COL - SS),296,.263|79R|21HR|74RBI|10SB,https://www.fantasypros.com/mlb/players/ezequiel-tovar.php,Tovar,".263|79R|21HR|74RBI|10SB
",,2026
235,Jack Flaherty,DET,SP,235,234.0,Jack Flaherty (DET - SP),319,10-9-0SV|3.99|1.24|9.77K9,https://www.fantasypros.com/mlb/players/jack-flaherty.php,Flaherty,"10-9-0SV|3.99|1.24|9.77K9
",,2026
236,Gerrit Cole,NYY,SP,236,236.0,Gerrit Cole (NYY - SP),242,8-6-0SV|3.89|1.18|9.17K9,https://www.fantasypros.com/mlb/players/gerrit-cole.php,Cole,"8-6-0SV|3.89|1.18|9.17K9
",,2026
237,Roki Sasaki,LAD,SP,237,236.0,Roki Sasaki (LAD - SP),208,7-6-0SV|4.25|1.31|8.60K9,https://www.fantasypros.com/mlb/players/roki-sasaki.php,Sasaki,"7-6-0SV|4.25|1.31|8.60K9
",,2026
238,Jac Caglianone,KC,"1B,OF",238,236.0,"Jac Caglianone (KC - 1B,OF)",236,.242|58R|18HR|62RBI|3SB,https://www.fantasypros.com/mlb/players/jac-caglianone.php,Caglianone,".242|58R|18HR|62RBI|3SB
",,2026
239,Matt Shaw,CHC,"2B,3B,SS",239,238.0,"Matt Shaw (CHC - 2B,3B,SS)",123,.239|30R|7HR|26RBI|9SB,https://www.fantasypros.com/mlb/players/matt-shaw.php,Shaw,".239|30R|7HR|26RBI|9SB
",,2026
240,Luis Arraez,FA,"1B,2B,DH",240,240.0,"Luis Arraez (FA - 1B,2B,DH)",353,.301|69R|5HR|55RBI|8SB,https://www.fantasypros.com/mlb/players/luis-arraez.php,Arraez,".301|69R|5HR|55RBI|8SB
",FA,2026
241,Wilyer Abreu,BOS,OF,241,240.0,Wilyer Abreu (BOS - OF),262,.247|61R|21HR|66RBI|8SB,https://www.fantasypros.com/mlb/players/wilyer-abreu.php,Abreu,".247|61R|21HR|66RBI|8SB
",,2026
242,Kyle Manzardo,CLE,"1B,DH",242,242.0,"Kyle Manzardo (CLE - 1B,DH)",271,.235|62R|24HR|72RBI|2SB,https://www.fantasypros.com/mlb/players/kyle-manzardo.php,Manzardo,".235|62R|24HR|72RBI|2SB
",,2026
243,Caleb Durbin,MIL,"2B,3B",243,244.0,"Caleb Durbin (MIL - 2B,3B)",298,.250|60R|11HR|55RBI|22SB,https://www.fantasypros.com/mlb/players/caleb-durbin.php,Durbin,".250|60R|11HR|55RBI|22SB
",,2026
244,Adolis Garcia,PHI,"DH,OF",244,244.0,"Adolis Garcia (PHI - DH,OF)",255,.234|64R|23HR|72RBI|11SB,https://www.fantasypros.com/mlb/players/jose-adolis-garcia.php,Garcia,".234|64R|23HR|72RBI|11SB
",,2026
245,Jordan Beck,COL,OF,245,244.0,Jordan Beck (COL - OF),225,.249|62R|15HR|61RBI|15SB,https://www.fantasypros.com/mlb/players/jordan-beck.php,Beck,".249|62R|15HR|61RBI|15SB
",,2026
246,Dillon Dingler,DET,C,246,246.0,Dillon Dingler (DET - C),160,.244|43R|12HR|45RBI|1SB,https://www.fantasypros.com/mlb/players/dillon-dingler.php,Dingler,".244|43R|12HR|45RBI|1SB
",,2026
247,Logan O'Hoppe,LAA,C,247,246.0,Logan O'Hoppe (LAA - C),168,.230|47R|18HR|52RBI|2SB,https://www.fantasypros.com/mlb/players/logan-ohoppe.php,O'Hoppe,".230|47R|18HR|52RBI|2SB
",,2026
248,Bryan Abreu,HOU,RP,248,246.0,Bryan Abreu (HOU - RP),221,4-3-4SV|3.27|1.18|11.79K9,https://www.fantasypros.com/mlb/players/bryan-abreu.php,Abreu,"4-3-4SV|3.27|1.18|11.79K9
",,2026
249,Noah Cameron,KC,SP,249,247.0,Noah Cameron (KC - SP),226,8-9-0SV|4.27|1.31|7.49K9,https://www.fantasypros.com/mlb/players/noah-cameron.php,Cameron,"8-9-0SV|4.27|1.31|7.49K9
",,2026
250,Max Muncy,LAD,3B,250,248.0,Max Muncy (LAD - 3B),234,.222|58R|20HR|59RBI|3SB,https://www.fantasypros.com/mlb/players/max-muncy.php,Muncy,".222|58R|20HR|59RBI|3SB
",,2026
251,JJ Wetherholt,STL,SS,251,249.0,JJ Wetherholt (STL - SS),153,.246|36R|7HR|33RBI|6SB,https://www.fantasypros.com/mlb/players/jj-wetherholt.php,Wetherholt,".246|36R|7HR|33RBI|6SB
",MiLB,2026
252,Griffin Jax,TB,RP,252,249.0,Griffin Jax (TB - RP),260,4-3-14SV|3.15|1.12|11.15K9,https://www.fantasypros.com/mlb/players/griffin-jax.php,Jax,"4-3-14SV|3.15|1.12|11.15K9
",,2026
253,TJ Friedl,CIN,OF,253,250.0,TJ Friedl (CIN - OF),284,.245|71R|14HR|54RBI|11SB,https://www.fantasypros.com/mlb/players/terry-friedl.php,Friedl,".245|71R|14HR|54RBI|11SB
",,2026
254,Joe Musgrove,SD,SP,254,254.0,Joe Musgrove (SD - SP),278,9-9-0SV|3.99|1.21|8.45K9,https://www.fantasypros.com/mlb/players/joe-musgrove.php,Musgrove,"9-9-0SV|3.99|1.21|8.45K9
",,2026
255,Tyler Stephenson,CIN,"C,DH",255,256.0,"Tyler Stephenson (CIN - C,DH)",172,.237|48R|14HR|50RBI|1SB,https://www.fantasypros.com/mlb/players/tyler-stephenson.php,Stephenson,".237|48R|14HR|50RBI|1SB
",,2026
256,Alec Bohm,PHI,"1B,3B",256,258.0,"Alec Bohm (PHI - 1B,3B)",306,.271|66R|15HR|71RBI|3SB,https://www.fantasypros.com/mlb/players/alec-bohm.php,Bohm,".271|66R|15HR|71RBI|3SB
",,2026
257,Jordan Leasure,CWS,RP,257,258.0,Jordan Leasure (CWS - RP),227,3-3-17SV|4.05|1.29|9.94K9,https://www.fantasypros.com/mlb/players/jordan-leasure.php,Leasure,"3-3-17SV|4.05|1.29|9.94K9
",,2026
258,Jack Leiter,TEX,"RP,SP",258,260.0,"Jack Leiter (TEX - RP,SP)",255,9-10-0SV|4.38|1.31|8.67K9,https://www.fantasypros.com/mlb/players/jack-leiter.php,Leiter,"9-10-0SV|4.38|1.31|8.67K9
",,2026
259,Bryce Miller,SEA,SP,259,260.0,Bryce Miller (SEA - SP),249,9-8-0SV|4.21|1.23|8.03K9,https://www.fantasypros.com/mlb/players/bryce-miller.php,Miller,"9-8-0SV|4.21|1.23|8.03K9
",,2026
260,Quinn Priester,MIL,"RP,SP",260,262.0,"Quinn Priester (MIL - RP,SP)",267,10-10-0SV|4.09|1.31|7.38K9,https://www.fantasypros.com/mlb/players/quinn-priester.php,Priester,"10-10-0SV|4.09|1.31|7.38K9
",,2026
261,Ryan O'Hearn,PIT,"1B,DH,OF",261,268.0,"Ryan O'Hearn (PIT - 1B,DH,OF)",267,.264|60R|14HR|62RBI|3SB,https://www.fantasypros.com/mlb/players/ryan-ohearn.php,O'Hearn,".264|60R|14HR|62RBI|3SB
",,2026
262,Ryne Nelson,ARI,"RP,SP",262,269.0,"Ryne Nelson (ARI - RP,SP)",260,10-9-0SV|4.33|1.28|7.40K9,https://www.fantasypros.com/mlb/players/ryne-nelson.php,Nelson,"10-9-0SV|4.33|1.28|7.40K9
",,2026
263,Colton Cowser,BAL,OF,263,270.0,Colton Cowser (BAL - OF),213,.229|62R|20HR|60RBI|12SB,https://www.fantasypros.com/mlb/players/colton-cowser.php,Cowser,".229|62R|20HR|60RBI|12SB
",,2026
264,Shane Smith,CWS,"RP,SP",264,270.0,"Shane Smith (CWS - RP,SP)",263,8-10-0SV|4.39|1.31|8.38K9,https://www.fantasypros.com/mlb/players/shane-smith.php,Smith,"8-10-0SV|4.39|1.31|8.38K9
",,2026
265,Kevin McGonigle,DET,"2B,SS",265,272.0,"Kevin McGonigle (DET - 2B,SS)",149,.255|32R|7HR|28RBI|6SB,https://www.fantasypros.com/mlb/players/kevin-mcgonigle.php,McGonigle,".255|32R|7HR|28RBI|6SB
",MiLB,2026
266,Hurston Waldrep,ATL,SP,266,272.0,Hurston Waldrep (ATL - SP),213,8-8-0SV|4.43|1.41|7.96K9,https://www.fantasypros.com/mlb/players/hurston-waldrep.php,Waldrep,"8-8-0SV|4.43|1.41|7.96K9
",,2026
267,Brendan Donovan,STL,"2B,OF",267,272.0,"Brendan Donovan (STL - 2B,OF)",306,.272|68R|12HR|58RBI|5SB,https://www.fantasypros.com/mlb/players/brendan-donovan.php,Donovan,".272|68R|12HR|58RBI|5SB
",,2026
268,Carlos Correa,HOU,"3B,SS",268,274.0,"Carlos Correa (HOU - 3B,SS)",278,.264|65R|16HR|66RBI|1SB,https://www.fantasypros.com/mlb/players/carlos-correa.php,Correa,".264|65R|16HR|66RBI|1SB
",,2026
269,Edwin Uceta,TB,RP,269,276.0,Edwin Uceta (TB - RP),248,4-3-12SV|3.75|1.20|10.61K9,https://www.fantasypros.com/mlb/players/edwin-uceta.php,Uceta,"4-3-12SV|3.75|1.20|10.61K9
",,2026
270,Casey Mize,DET,SP,270,276.0,Casey Mize (DET - SP),261,9-9-0SV|4.16|1.26|7.74K9,https://www.fantasypros.com/mlb/players/casey-mize.php,Mize,"9-9-0SV|4.16|1.26|7.74K9
",,2026
271,Troy Melton,DET,"RP,SP",271,277.0,"Troy Melton (DET - RP,SP)",198,6-7-0SV|4.26|1.29|7.88K9,https://www.fantasypros.com/mlb/players/troy-melton.php,Melton,"6-7-0SV|4.26|1.29|7.88K9
",,2026
272,Ernie Clement,TOR,"1B,2B,3B,SS",272,278.0,"Ernie Clement (TOR - 1B,2B,3B,SS)",294,.265|61R|10HR|57RBI|9SB,https://www.fantasypros.com/mlb/players/ernie-clement.php,Clement,".265|61R|10HR|57RBI|9SB
",,2026
273,Logan Henderson,MIL,SP,273,279.0,Logan Henderson (MIL - SP),226,6-6-0SV|4.11|1.21|9.13K9,https://www.fantasypros.com/mlb/players/logan-henderson.php,Henderson,"6-6-0SV|4.11|1.21|9.13K9
",,2026
274,Luis Gil,NYY,SP,274,312.0,Luis Gil (NYY - SP),167,5-5-0SV|4.34|1.34|8.94K9,https://www.fantasypros.com/mlb/players/luis-gil.php,Gil,"5-5-0SV|4.34|1.34|8.94K9
",,2026
275,Parker Messick,CLE,SP,275,288.0,Parker Messick (CLE - SP),205,7-8-0SV|4.15|1.31|8.16K9,https://www.fantasypros.com/mlb/players/parker-messick.php,Messick,"7-8-0SV|4.15|1.31|8.16K9
",,2026
276,Cody Ponce,TOR,RP,276,300.0,Cody Ponce (TOR - RP),267,8-8-0SV|4.04|1.25|9.28K9,https://www.fantasypros.com/mlb/players/cody-ponce-p.php,Ponce,"8-8-0SV|4.04|1.25|9.28K9
",,2026
277,Reese Olson,DET,SP,277,282.0,Reese Olson (DET - SP),239,8-8-0SV|3.96|1.26|8.32K9,https://www.fantasypros.com/mlb/players/reese-olson.php,Olson,"8-8-0SV|3.96|1.26|8.32K9
",,2026
278,Brady Singer,CIN,SP,278,297.0,Brady Singer (CIN - SP),274,10-11-0SV|4.41|1.32|8.23K9,https://www.fantasypros.com/mlb/players/brady-singer.php,Singer,"10-11-0SV|4.41|1.32|8.23K9
",,2026
279,Miguel Vargas,CWS,"1B,3B,OF",279,284.0,"Miguel Vargas (CWS - 1B,3B,OF)",288,.237|65R|17HR|65RBI|7SB,https://www.fantasypros.com/mlb/players/miguel-vargas.php,Vargas,".237|65R|17HR|65RBI|7SB
",,2026
280,Andrew Saalfrank,ARI,RP,280,424.0,Andrew Saalfrank (ARI - RP),199,3-3-15SV|4.08|1.41|7.89K9,https://www.fantasypros.com/mlb/players/andrew-saalfrank.php,Saalfrank,"3-3-15SV|4.08|1.41|7.89K9
",,2026
281,Kodai Senga,NYM,SP,281,288.0,Kodai Senga (NYM - SP),211,7-6-0SV|4.02|1.31|8.97K9,https://www.fantasypros.com/mlb/players/kodai-senga.php,Senga,"7-6-0SV|4.02|1.31|8.97K9
",,2026
282,Mike Burrows,HOU,SP,282,310.0,Mike Burrows (HOU - SP),232,7-8-0SV|4.21|1.28|8.78K9,https://www.fantasypros.com/mlb/players/mike-burrows.php,Burrows,"7-8-0SV|4.21|1.28|8.78K9
",,2026
283,Chase DeLauter,CLE,OF,283,292.0,Chase DeLauter (CLE - OF),245,.250|55R|14HR|56RBI|4SB,https://www.fantasypros.com/mlb/players/chase-delauter.php,DeLauter,".250|55R|14HR|56RBI|4SB
",,2026
284,Justin Crawford,PHI,OF,284,300.0,Justin Crawford (PHI - OF),180,.266|46R|6HR|36RBI|20SB,https://www.fantasypros.com/mlb/players/justin-crawford.php,Crawford,".266|46R|6HR|36RBI|20SB
",NRI,2026
285,Riley O'Brien,STL,RP,285,290.0,Riley O'Brien (STL - RP),226,3-3-16SV|3.65|1.31|9.12K9,https://www.fantasypros.com/mlb/players/riley-obrien.php,O'Brien,"3-3-16SV|3.65|1.31|9.12K9
",,2026
286,Joey Cantillo,CLE,"RP,SP",286,290.0,"Joey Cantillo (CLE - RP,SP)",243,6-7-0SV|3.98|1.32|9.28K9,https://www.fantasypros.com/mlb/players/joey-cantillo.php,Cantillo,"6-7-0SV|3.98|1.32|9.28K9
",,2026
287,Grayson Rodriguez,LAA,SP,287,296.0,Grayson Rodriguez (LAA - SP),244,8-7-0SV|3.84|1.23|9.46K9,https://www.fantasypros.com/mlb/players/grayson-rodriguez.php,Rodriguez,"8-7-0SV|3.84|1.23|9.46K9
",IL10,2026
288,Robert Garcia,TEX,RP,288,308.0,Robert Garcia (TEX - RP),236,3-3-18SV|3.68|1.25|9.66K9,https://www.fantasypros.com/mlb/players/robert-garcia.php,Garcia,"3-3-18SV|3.68|1.25|9.66K9
",,2026
289,Clay Holmes,NYM,"RP,SP",289,318.0,"Clay Holmes (NYM - RP,SP)",245,10-9-0SV|4.02|1.35|7.20K9,https://www.fantasypros.com/mlb/players/clay-holmes.php,Holmes,"10-9-0SV|4.02|1.35|7.20K9
",,2026
290,Seth Lugo,KC,SP,290,316.0,Seth Lugo (KC - SP),244,9-10-0SV|4.45|1.32|7.51K9,https://www.fantasypros.com/mlb/players/seth-lugo.php,Lugo,"9-10-0SV|4.45|1.32|7.51K9
",,2026
291,Jameson Taillon,CHC,SP,291,300.0,Jameson Taillon (CHC - SP),247,10-10-0SV|4.49|1.25|6.97K9,https://www.fantasypros.com/mlb/players/jameson-taillon.php,Taillon,"10-10-0SV|4.49|1.25|6.97K9
",,2026
292,David Peterson,NYM,SP,292,332.0,David Peterson (NYM - SP),286,11-9-0SV|3.93|1.34|7.92K9,https://www.fantasypros.com/mlb/players/david-peterson.php,Peterson,"11-9-0SV|3.93|1.34|7.92K9
",,2026
293,Carson Benge,NYM,OF,293,334.0,Carson Benge (NYM - OF),167,.229|46R|10HR|40RBI|8SB,https://www.fantasypros.com/mlb/players/carson-benge.php,Benge,".229|46R|10HR|40RBI|8SB
",MiLB,2026
294,Tyler Mahle,SF,SP,294,336.0,Tyler Mahle (SF - SP),221,8-9-0SV|4.21|1.29|7.47K9,https://www.fantasypros.com/mlb/players/tyler-mahle.php,Mahle,"8-9-0SV|4.21|1.29|7.47K9
",,2026
